accepted_time,username,source_ip,source_port,preceding_window_minutes,preceding_failed_password_count,prior_accepted_logins_from_source,is_peak_attack_window,same_timestamp_sudo_count,same_timestamp_sudo_commands,established_source_baseline,baseline_multiple,detection_threshold,alert_triggered
2026-07-06 00:49:41,backup,192.0.2.12,38101,60,0,0,True,0,,3,0.0,20,False
2026-07-06 00:49:51,backup,192.0.2.31,60641,60,0,0,True,0,,3,0.0,20,False
2026-07-06 01:20:38,backup,198.51.100.24,51692,60,0,0,True,0,,3,0.0,20,False
2026-07-06 01:21:46,backup,192.0.2.10,38675,60,1,0,True,0,,3,0.3,20,False
2026-07-06 01:22:26,backup,198.51.100.26,32000,60,0,0,True,0,,3,0.0,20,False
2026-07-06 05:46:16,backup,192.0.2.10,56401,60,0,1,True,0,,3,0.0,20,False
2026-07-06 06:51:27,backup,192.0.2.30,42607,60,0,0,False,0,,3,0.0,20,False
2026-07-06 08:08:11,backup,192.0.2.10,42003,60,0,2,False,0,,3,0.0,20,False
2026-07-06 08:08:33,backup,192.0.2.21,31292,60,0,0,False,0,,3,0.0,20,False
2026-07-06 08:20:18,backup,192.0.2.12,40594,60,0,1,False,0,,3,0.0,20,False
2026-07-06 08:43:13,backup,192.0.2.12,63245,60,0,2,False,0,,3,0.0,20,False
2026-07-06 08:51:10,backup,198.51.100.24,30967,60,0,1,False,0,,3,0.0,20,False
2026-07-06 09:06:33,backup,198.51.100.25,34022,60,0,0,False,1,/usr/bin/apt update,3,0.0,20,False
2026-07-06 09:21:49,backup,192.0.2.21,50400,60,1,1,False,0,,3,0.3,20,False
2026-07-06 09:42:19,backup,198.51.100.26,47042,60,2,1,False,0,,3,0.7,20,False
2026-07-06 09:44:18,backup,192.0.2.21,52531,60,1,2,False,0,,3,0.3,20,False
2026-07-06 10:09:20,backup,192.0.2.11,53125,60,0,0,False,0,,3,0.0,20,False
2026-07-06 10:20:27,backup,192.0.2.30,39821,60,0,1,False,0,,3,0.0,20,False
2026-07-06 10:34:33,backup,192.0.2.40,40810,60,0,0,False,0,,3,0.0,20,False
2026-07-06 10:35:14,backup,198.51.100.26,59286,60,0,2,False,0,,3,0.0,20,False
2026-07-06 10:39:28,backup,192.0.2.30,51247,60,0,2,False,0,,3,0.0,20,False
2026-07-06 10:47:04,backup,198.51.100.23,31951,60,0,0,False,0,,3,0.0,20,False
2026-07-06 10:48:56,backup,192.0.2.40,38820,60,0,1,False,1,/usr/bin/du -sh /var/log,3,0.0,20,False
2026-07-06 10:51:14,backup,192.0.2.30,41404,60,0,3,False,0,,3,0.0,20,False
2026-07-06 10:59:51,backup,198.51.100.25,46717,60,0,1,False,0,,3,0.0,20,False
2026-07-06 11:20:46,backup,198.51.100.26,55654,60,0,3,False,0,,3,0.0,20,False
2026-07-06 11:41:30,backup,192.0.2.20,39008,60,0,0,False,1,/usr/bin/systemctl status ssh,3,0.0,20,False
2026-07-06 11:50:04,backup,198.51.100.24,46210,60,0,2,False,1,/usr/bin/journalctl -n 50,3,0.0,20,False
2026-07-06 11:52:06,backup,198.51.100.23,58665,60,1,1,False,0,,3,0.3,20,False
2026-07-06 11:59:21,backup,192.0.2.30,54307,60,0,4,False,0,,3,0.0,20,False
2026-07-06 12:01:43,backup,192.0.2.31,53591,60,0,1,False,0,,3,0.0,20,False
2026-07-06 12:04:12,backup,192.0.2.12,41838,60,1,3,False,0,,3,0.3,20,False
2026-07-06 12:13:22,backup,192.0.2.11,50511,60,0,1,False,0,,3,0.0,20,False
2026-07-06 12:57:01,backup,192.0.2.21,55517,60,0,3,False,0,,3,0.0,20,False
2026-07-06 13:06:28,backup,192.0.2.30,62686,60,0,5,False,0,,3,0.0,20,False
2026-07-06 13:13:09,backup,192.0.2.40,32620,60,0,2,False,0,,3,0.0,20,False
2026-07-06 13:22:05,backup,198.51.100.25,40059,60,0,2,False,0,,3,0.0,20,False
2026-07-06 13:38:41,backup,192.0.2.10,40067,60,0,3,False,0,,3,0.0,20,False
2026-07-06 13:51:44,backup,192.0.2.12,32596,60,0,4,False,0,,3,0.0,20,False
2026-07-06 13:59:05,backup,192.0.2.21,33636,60,0,4,False,0,,3,0.0,20,False
2026-07-06 14:01:07,backup,192.0.2.11,59118,60,0,2,False,0,,3,0.0,20,False
2026-07-06 14:10:24,backup,192.0.2.30,37162,60,0,6,False,0,,3,0.0,20,False
2026-07-06 14:11:38,backup,192.0.2.40,30219,60,1,3,False,1,/usr/bin/apt update,3,0.3,20,False
2026-07-06 14:15:11,backup,192.0.2.31,45241,60,0,2,False,0,,3,0.0,20,False
2026-07-06 14:51:42,backup,198.51.100.24,48781,60,0,3,False,0,,3,0.0,20,False
2026-07-06 14:52:56,backup,192.0.2.12,43745,60,1,5,False,0,,3,0.3,20,False
2026-07-06 15:04:13,backup,198.51.100.25,54615,60,0,3,False,1,/usr/bin/apt update,3,0.0,20,False
2026-07-06 15:10:12,backup,198.51.100.25,56440,60,0,4,False,0,,3,0.0,20,False
2026-07-06 15:12:14,backup,192.0.2.21,55018,60,0,5,False,0,,3,0.0,20,False
2026-07-06 15:19:59,backup,198.51.100.23,34941,60,0,2,False,0,,3,0.0,20,False
2026-07-06 15:29:18,backup,198.51.100.26,55356,60,0,4,False,0,,3,0.0,20,False
2026-07-06 16:25:48,backup,192.0.2.21,63277,60,0,6,False,0,,3,0.0,20,False
2026-07-06 16:27:17,backup,192.0.2.20,34826,60,0,1,False,1,/usr/bin/du -sh /var/log,3,0.0,20,False
2026-07-06 16:54:47,backup,198.51.100.26,48703,60,0,5,False,0,,3,0.0,20,False
2026-07-06 18:35:45,backup,192.0.2.10,48366,60,1,4,False,0,,3,0.3,20,False
2026-07-06 18:54:12,backup,192.0.2.20,64639,60,0,2,False,1,/usr/bin/du -sh /var/log,3,0.0,20,False
2026-07-06 19:03:08,backup,192.0.2.20,64726,60,0,3,False,0,,3,0.0,20,False
2026-07-06 19:11:56,backup,192.0.2.40,33083,60,0,4,False,0,,3,0.0,20,False
2026-07-06 19:36:00,backup,198.51.100.23,35207,60,0,3,False,0,,3,0.0,20,False
2026-07-07 02:55:58,backup,198.51.100.24,38717,60,0,4,True,0,,3,0.0,20,False
2026-07-07 03:18:37,backup,198.51.100.23,33153,60,0,4,True,0,,3,0.0,20,False
2026-07-07 04:02:04,backup,192.0.2.30,53461,60,0,7,True,0,,3,0.0,20,False
2026-07-07 04:21:31,backup,192.0.2.10,49362,60,0,5,True,0,,3,0.0,20,False
2026-07-07 04:31:07,backup,198.51.100.24,60996,60,0,5,True,0,,3,0.0,20,False
2026-07-07 05:34:28,backup,192.0.2.21,51174,60,0,7,True,0,,3,0.0,20,False
2026-07-07 08:04:29,backup,198.51.100.23,30723,60,0,5,False,0,,3,0.0,20,False
2026-07-07 08:12:01,backup,192.0.2.21,39872,60,0,8,False,0,,3,0.0,20,False
2026-07-07 08:30:31,backup,198.51.100.23,30597,60,0,6,False,0,,3,0.0,20,False
2026-07-07 08:43:18,backup,192.0.2.11,60916,60,0,3,False,0,,3,0.0,20,False
2026-07-07 09:20:21,backup,192.0.2.12,56974,60,0,6,False,0,,3,0.0,20,False
2026-07-07 09:54:40,backup,198.51.100.24,52167,60,0,6,False,0,,3,0.0,20,False
2026-07-07 09:58:01,backup,192.0.2.31,41629,60,0,3,False,0,,3,0.0,20,False
2026-07-07 10:10:34,backup,192.0.2.10,59830,60,0,6,False,1,/usr/bin/apt update,3,0.0,20,False
2026-07-07 10:15:52,backup,192.0.2.40,56371,60,1,5,False,0,,3,0.3,20,False
2026-07-07 10:31:34,backup,198.51.100.24,50545,60,1,7,False,0,,3,0.3,20,False
2026-07-07 10:32:08,backup,192.0.2.10,43250,60,0,7,False,0,,3,0.0,20,False
2026-07-07 10:52:22,backup,192.0.2.20,38903,60,1,4,False,1,/usr/bin/journalctl -n 50,3,0.3,20,False
2026-07-07 10:52:35,backup,192.0.2.30,41508,60,2,8,False,0,,3,0.7,20,False
2026-07-07 11:00:49,backup,192.0.2.12,52126,60,0,7,False,0,,3,0.0,20,False
2026-07-07 11:36:19,backup,198.51.100.24,45912,60,0,8,False,0,,3,0.0,20,False
2026-07-07 12:16:47,backup,192.0.2.12,63591,60,1,8,False,1,/usr/bin/du -sh /var/log,3,0.3,20,False
2026-07-07 12:28:33,backup,192.0.2.40,33448,60,0,6,False,0,,3,0.0,20,False
2026-07-07 12:39:05,backup,198.51.100.23,42419,60,0,7,False,1,/usr/bin/journalctl -n 50,3,0.0,20,False
2026-07-07 12:49:50,backup,198.51.100.25,61443,60,0,5,False,0,,3,0.0,20,False
2026-07-07 12:52:02,backup,192.0.2.21,35879,60,1,9,False,0,,3,0.3,20,False
2026-07-07 12:57:24,backup,198.51.100.25,50535,60,0,6,False,1,/usr/bin/du -sh /var/log,3,0.0,20,False
2026-07-07 12:57:37,backup,198.51.100.23,38669,60,0,8,False,0,,3,0.0,20,False
2026-07-07 13:16:21,backup,198.51.100.23,63312,60,1,9,False,0,,3,0.3,20,False
2026-07-07 13:32:44,backup,192.0.2.11,63976,60,0,4,False,0,,3,0.0,20,False
2026-07-07 14:10:30,backup,198.51.100.25,38317,60,0,7,False,0,,3,0.0,20,False
2026-07-07 14:15:16,backup,198.51.100.23,36186,60,0,10,False,0,,3,0.0,20,False
2026-07-07 14:37:21,backup,192.0.2.20,45600,60,0,5,False,1,/usr/bin/journalctl -n 50,3,0.0,20,False
2026-07-07 15:11:43,backup,192.0.2.20,44034,60,0,6,False,0,,3,0.0,20,False
2026-07-07 15:19:38,backup,198.51.100.23,51563,60,0,11,False,0,,3,0.0,20,False
2026-07-07 15:45:17,backup,192.0.2.10,30339,60,0,8,False,0,,3,0.0,20,False
2026-07-07 16:04:07,backup,192.0.2.31,53898,60,0,4,False,0,,3,0.0,20,False
2026-07-07 16:04:26,backup,192.0.2.20,62354,60,0,7,False,0,,3,0.0,20,False
2026-07-07 16:05:54,backup,192.0.2.11,54919,60,0,5,False,0,,3,0.0,20,False
2026-07-07 16:13:01,backup,198.51.100.26,49731,60,0,6,False,0,,3,0.0,20,False
2026-07-07 17:03:15,backup,192.0.2.31,34775,60,0,5,False,0,,3,0.0,20,False
2026-07-07 17:25:41,backup,198.51.100.24,38250,60,0,9,False,0,,3,0.0,20,False
2026-07-07 17:53:56,backup,198.51.100.24,48529,60,1,10,False,0,,3,0.3,20,False
2026-07-07 17:54:30,backup,192.0.2.30,64914,60,1,9,False,0,,3,0.3,20,False
2026-07-07 17:58:03,backup,192.0.2.21,58399,60,0,10,False,0,,3,0.0,20,False
2026-07-07 18:13:13,backup,192.0.2.40,45995,60,0,7,False,0,,3,0.0,20,False
2026-07-07 18:15:07,backup,192.0.2.40,36702,60,0,8,False,0,,3,0.0,20,False
2026-07-07 19:22:57,backup,198.51.100.24,32260,60,0,11,False,1,/usr/bin/systemctl status ssh,3,0.0,20,False
2026-07-07 19:32:04,backup,198.51.100.24,42492,60,0,12,False,1,/usr/bin/apt update,3,0.0,20,False
2026-07-07 21:59:43,backup,198.51.100.24,57738,60,0,13,False,0,,3,0.0,20,False
2026-07-07 23:49:42,backup,198.51.100.25,45255,60,0,8,False,0,,3,0.0,20,False
2026-07-08 00:48:51,backup,192.0.2.12,46517,60,0,9,True,1,/usr/bin/journalctl -n 50,3,0.0,20,False
2026-07-08 02:23:42,backup,198.51.100.24,37514,60,0,14,True,1,/usr/bin/systemctl status ssh,3,0.0,20,False
2026-07-08 07:15:08,backup,192.0.2.31,39756,60,0,6,False,0,,3,0.0,20,False
2026-07-08 08:11:14,backup,192.0.2.40,34588,60,0,9,False,1,/usr/bin/apt update,3,0.0,20,False
2026-07-08 08:12:06,backup,198.51.100.26,44422,60,0,7,False,0,,3,0.0,20,False
2026-07-08 08:40:10,backup,192.0.2.21,55529,60,0,11,False,0,,3,0.0,20,False
2026-07-08 08:42:05,backup,192.0.2.11,46814,60,0,6,False,0,,3,0.0,20,False
2026-07-08 08:42:11,backup,192.0.2.11,49889,60,0,7,False,0,,3,0.0,20,False
2026-07-08 09:07:13,backup,192.0.2.30,32951,60,0,10,False,0,,3,0.0,20,False
2026-07-08 09:12:03,backup,198.51.100.24,42448,60,0,15,False,0,,3,0.0,20,False
2026-07-08 09:14:11,backup,192.0.2.21,47263,60,0,12,False,0,,3,0.0,20,False
2026-07-08 09:14:37,backup,198.51.100.25,63431,60,0,9,False,0,,3,0.0,20,False
2026-07-08 09:14:41,backup,192.0.2.20,37407,60,0,8,False,0,,3,0.0,20,False
2026-07-08 09:20:53,backup,198.51.100.26,59360,60,1,8,False,0,,3,0.3,20,False
2026-07-08 09:24:14,backup,198.51.100.23,42912,60,0,12,False,0,,3,0.0,20,False
2026-07-08 09:57:59,backup,198.51.100.24,32111,60,0,16,False,0,,3,0.0,20,False
2026-07-08 10:03:49,backup,192.0.2.10,53571,60,0,9,False,1,/usr/bin/apt update,3,0.0,20,False
2026-07-08 10:16:11,backup,198.51.100.24,60931,60,0,17,False,0,,3,0.0,20,False
2026-07-08 10:24:08,backup,192.0.2.20,59039,60,0,9,False,0,,3,0.0,20,False
2026-07-08 11:03:01,backup,198.51.100.23,48939,60,0,13,False,0,,3,0.0,20,False
2026-07-08 11:03:01,backup,192.0.2.12,45416,60,0,10,False,0,,3,0.0,20,False
2026-07-08 11:37:56,backup,192.0.2.20,45113,60,0,10,False,0,,3,0.0,20,False
2026-07-08 11:38:05,backup,198.51.100.26,44478,60,0,9,False,1,/usr/bin/journalctl -n 50,3,0.0,20,False
2026-07-08 11:42:10,backup,192.0.2.11,41716,60,0,8,False,1,/usr/bin/apt update,3,0.0,20,False
2026-07-08 11:52:21,backup,198.51.100.24,44218,60,0,18,False,0,,3,0.0,20,False
2026-07-08 12:19:59,backup,192.0.2.30,62708,60,0,11,False,0,,3,0.0,20,False
2026-07-08 12:37:02,backup,192.0.2.11,38600,60,0,9,False,0,,3,0.0,20,False
2026-07-08 12:57:09,backup,192.0.2.40,36642,60,0,10,False,0,,3,0.0,20,False
2026-07-08 12:57:42,backup,192.0.2.11,33827,60,0,10,False,0,,3,0.0,20,False
2026-07-08 13:05:40,backup,192.0.2.10,34886,60,0,10,False,0,,3,0.0,20,False
2026-07-08 13:10:33,backup,192.0.2.30,53064,60,2,12,False,0,,3,0.7,20,False
2026-07-08 13:56:28,backup,198.51.100.25,57740,60,1,10,False,1,/usr/bin/du -sh /var/log,3,0.3,20,False
2026-07-08 13:59:08,backup,192.0.2.11,50796,60,0,11,False,0,,3,0.0,20,False
2026-07-08 14:10:23,backup,198.51.100.24,38788,60,0,19,False,0,,3,0.0,20,False
2026-07-08 14:25:52,backup,198.51.100.25,61979,60,0,11,False,0,,3,0.0,20,False
2026-07-08 15:02:32,backup,192.0.2.11,52549,60,3,12,False,0,,3,1.0,20,False
2026-07-08 15:13:24,backup,192.0.2.30,53401,60,0,13,False,1,/usr/bin/systemctl restart apache2,3,0.0,20,False
2026-07-08 15:13:57,backup,198.51.100.24,48942,60,0,20,False,0,,3,0.0,20,False
2026-07-08 15:27:22,backup,192.0.2.12,34001,60,0,11,False,1,/usr/bin/journalctl -n 50,3,0.0,20,False
2026-07-08 15:48:09,backup,192.0.2.11,56522,60,3,13,False,1,/usr/bin/apt update,3,1.0,20,False
2026-07-08 15:50:31,backup,192.0.2.11,54018,60,3,14,False,0,,3,1.0,20,False
2026-07-08 16:22:34,backup,198.51.100.25,50425,60,0,12,False,1,/usr/bin/systemctl status ssh,3,0.0,20,False
2026-07-08 16:53:34,backup,192.0.2.10,51575,60,0,11,False,0,,3,0.0,20,False
2026-07-08 16:54:13,backup,198.51.100.24,54600,60,0,21,False,0,,3,0.0,20,False
2026-07-08 16:59:10,backup,198.51.100.23,46127,60,0,14,False,0,,3,0.0,20,False
2026-07-08 17:11:55,backup,192.0.2.12,61135,60,0,12,False,1,/usr/bin/journalctl -n 50,3,0.0,20,False
2026-07-08 17:38:39,backup,192.0.2.12,47362,60,0,13,False,0,,3,0.0,20,False
2026-07-08 17:53:55,backup,192.0.2.11,45711,60,0,15,False,0,,3,0.0,20,False
2026-07-08 17:57:22,backup,198.51.100.26,53655,60,0,10,False,0,,3,0.0,20,False
2026-07-08 18:01:37,backup,198.51.100.25,64750,60,0,13,False,0,,3,0.0,20,False
2026-07-08 18:01:47,backup,198.51.100.24,35439,60,0,22,False,0,,3,0.0,20,False
2026-07-08 18:10:13,backup,198.51.100.26,48753,60,0,11,False,0,,3,0.0,20,False
2026-07-08 18:10:35,backup,192.0.2.31,64394,60,0,7,False,0,,3,0.0,20,False
2026-07-08 18:24:49,backup,192.0.2.11,43613,60,0,16,False,0,,3,0.0,20,False
2026-07-08 18:34:43,backup,192.0.2.40,64745,60,0,11,False,1,/usr/bin/systemctl restart apache2,3,0.0,20,False
2026-07-08 18:41:46,backup,198.51.100.24,50478,60,0,23,False,1,/usr/bin/apt update,3,0.0,20,False
2026-07-08 18:55:52,backup,192.0.2.20,30509,60,0,11,False,1,/usr/bin/systemctl restart apache2,3,0.0,20,False
2026-07-08 18:59:54,backup,198.51.100.26,56513,60,0,12,False,0,,3,0.0,20,False
2026-07-08 19:23:35,backup,192.0.2.40,35452,60,0,12,False,0,,3,0.0,20,False
2026-07-08 20:05:54,backup,192.0.2.31,33609,60,1,8,False,0,,3,0.3,20,False
2026-07-08 20:28:03,backup,198.51.100.26,36458,60,0,13,False,0,,3,0.0,20,False
2026-07-08 22:01:27,backup,192.0.2.20,44460,60,0,12,False,0,,3,0.0,20,False
2026-07-08 23:30:31,backup,198.51.100.25,53927,60,0,14,False,0,,3,0.0,20,False
2026-07-09 01:38:44,backup,192.0.2.10,42331,60,0,12,True,0,,3,0.0,20,False
2026-07-09 03:00:50,backup,192.0.2.11,33920,60,0,17,True,0,,3,0.0,20,False
2026-07-09 03:14:44,backup,192.0.2.12,30642,60,0,14,True,0,,3,0.0,20,False
2026-07-09 04:05:32,backup,192.0.2.40,35095,60,1,13,True,0,,3,0.3,20,False
2026-07-09 05:33:46,backup,198.51.100.26,39125,60,0,14,True,0,,3,0.0,20,False
2026-07-09 07:41:18,backup,192.0.2.21,38997,60,0,13,False,0,,3,0.0,20,False
2026-07-09 08:25:41,backup,198.51.100.25,39750,60,0,15,False,0,,3,0.0,20,False
2026-07-09 08:27:23,backup,192.0.2.10,49566,60,1,13,False,0,,3,0.3,20,False
2026-07-09 08:50:26,backup,192.0.2.21,48129,60,0,14,False,0,,3,0.0,20,False
2026-07-09 09:41:17,backup,192.0.2.30,60322,60,0,14,False,0,,3,0.0,20,False
2026-07-09 09:41:31,backup,198.51.100.26,34164,60,0,15,False,0,,3,0.0,20,False
2026-07-09 09:47:39,backup,198.51.100.24,30319,60,0,24,False,0,,3,0.0,20,False
2026-07-09 09:54:34,backup,192.0.2.21,53984,60,0,15,False,0,,3,0.0,20,False
2026-07-09 10:07:14,backup,192.0.2.30,59928,60,0,15,False,0,,3,0.0,20,False
2026-07-09 10:09:51,backup,192.0.2.30,52072,60,0,16,False,0,,3,0.0,20,False
2026-07-09 10:39:05,backup,198.51.100.25,58581,60,0,16,False,0,,3,0.0,20,False
2026-07-09 10:46:43,backup,192.0.2.10,33175,60,0,14,False,0,,3,0.0,20,False
2026-07-09 11:01:33,backup,198.51.100.25,58161,60,0,17,False,0,,3,0.0,20,False
2026-07-09 11:07:59,backup,192.0.2.12,40376,60,0,15,False,0,,3,0.0,20,False
2026-07-09 11:16:39,backup,192.0.2.30,51742,60,0,17,False,0,,3,0.0,20,False
2026-07-09 11:18:06,backup,198.51.100.26,46877,60,0,16,False,0,,3,0.0,20,False
2026-07-09 11:28:16,backup,198.51.100.26,62286,60,0,17,False,0,,3,0.0,20,False
2026-07-09 11:30:08,backup,198.51.100.24,52261,60,0,25,False,0,,3,0.0,20,False
2026-07-09 11:40:21,backup,198.51.100.24,38742,60,0,26,False,0,,3,0.0,20,False
2026-07-09 11:42:44,backup,192.0.2.12,36202,60,0,16,False,0,,3,0.0,20,False
2026-07-09 11:52:50,backup,192.0.2.31,42781,60,0,9,False,1,/usr/bin/journalctl -n 50,3,0.0,20,False
2026-07-09 11:55:11,backup,192.0.2.21,34748,60,0,16,False,0,,3,0.0,20,False
2026-07-09 12:18:18,backup,192.0.2.21,51612,60,0,17,False,0,,3,0.0,20,False
2026-07-09 12:38:51,backup,198.51.100.25,58371,60,1,18,False,0,,3,0.3,20,False
2026-07-09 12:42:37,backup,192.0.2.20,46395,60,1,13,False,0,,3,0.3,20,False
2026-07-09 12:45:45,backup,192.0.2.20,31781,60,1,14,False,0,,3,0.3,20,False
2026-07-09 12:52:51,backup,192.0.2.21,54206,60,0,18,False,0,,3,0.0,20,False
2026-07-09 13:06:01,backup,198.51.100.23,40543,60,0,15,False,0,,3,0.0,20,False
2026-07-09 13:23:46,backup,198.51.100.23,51038,60,0,16,False,0,,3,0.0,20,False
2026-07-09 13:25:10,backup,198.51.100.26,61231,60,0,18,False,0,,3,0.0,20,False
2026-07-09 13:34:45,backup,192.0.2.40,47739,60,0,14,False,0,,3,0.0,20,False
2026-07-09 13:44:43,backup,198.51.100.26,59101,60,1,19,False,0,,3,0.3,20,False
2026-07-09 13:52:15,backup,198.51.100.23,46822,60,0,17,False,0,,3,0.0,20,False
2026-07-09 14:29:14,backup,198.51.100.24,33310,60,1,27,False,0,,3,0.3,20,False
2026-07-09 15:18:06,backup,192.0.2.11,46216,60,0,18,False,0,,3,0.0,20,False
2026-07-09 15:21:48,backup,192.0.2.20,59296,60,0,15,False,0,,3,0.0,20,False
2026-07-09 15:44:26,backup,198.51.100.23,48922,60,0,18,False,0,,3,0.0,20,False
2026-07-09 15:55:02,backup,192.0.2.11,36081,60,0,19,False,0,,3,0.0,20,False
2026-07-09 16:47:12,backup,192.0.2.31,52311,60,1,10,False,0,,3,0.3,20,False
2026-07-09 17:28:43,backup,198.51.100.25,35097,60,0,19,False,0,,3,0.0,20,False
2026-07-09 17:35:00,backup,192.0.2.12,33886,60,0,17,False,1,/usr/bin/journalctl -n 50,3,0.0,20,False
2026-07-09 17:57:23,backup,198.51.100.24,55883,60,0,28,False,0,,3,0.0,20,False
2026-07-09 18:41:18,backup,192.0.2.20,45681,60,0,16,False,0,,3,0.0,20,False
2026-07-09 18:45:11,backup,198.51.100.24,43715,60,0,29,False,0,,3,0.0,20,False
2026-07-09 22:18:34,backup,198.51.100.25,59542,60,0,20,False,0,,3,0.0,20,False
2026-07-09 22:43:57,backup,192.0.2.21,53896,60,0,19,False,0,,3,0.0,20,False
2026-07-10 02:38:31,backup,192.0.2.31,57551,60,0,11,True,0,,3,0.0,20,False
2026-07-10 02:42:18,backup,192.0.2.20,30786,60,0,17,True,0,,3,0.0,20,False
2026-07-10 03:23:35,backup,192.0.2.40,47313,60,0,15,True,0,,3,0.0,20,False
2026-07-10 08:06:38,backup,198.51.100.23,50513,60,0,19,False,0,,3,0.0,20,False
2026-07-10 08:16:37,backup,198.51.100.24,47404,60,0,30,False,0,,3,0.0,20,False
2026-07-10 08:28:52,backup,198.51.100.26,63342,60,0,20,False,0,,3,0.0,20,False
2026-07-10 08:51:25,backup,198.51.100.23,43947,60,0,20,False,0,,3,0.0,20,False
2026-07-10 08:57:24,backup,198.51.100.25,61769,60,1,21,False,0,,3,0.3,20,False
2026-07-10 09:06:49,backup,198.51.100.23,41458,60,0,21,False,0,,3,0.0,20,False
2026-07-10 09:18:02,backup,192.0.2.20,54791,60,1,18,False,0,,3,0.3,20,False
2026-07-10 09:23:55,backup,198.51.100.25,30577,60,2,22,False,1,/usr/bin/apt update,3,0.7,20,False
2026-07-10 09:26:29,backup,198.51.100.25,41290,60,2,23,False,1,/usr/bin/systemctl status ssh,3,0.7,20,False
2026-07-10 09:47:10,backup,192.0.2.12,49412,60,1,18,False,0,,3,0.3,20,False
2026-07-10 09:50:34,backup,192.0.2.21,41625,60,0,20,False,0,,3,0.0,20,False
2026-07-10 10:11:37,backup,198.51.100.25,42168,60,0,24,False,0,,3,0.0,20,False
2026-07-10 10:20:40,backup,192.0.2.10,50529,60,0,15,False,1,/usr/bin/systemctl restart apache2,3,0.0,20,False
2026-07-10 10:32:59,backup,192.0.2.20,30921,60,0,19,False,1,/usr/bin/systemctl status ssh,3,0.0,20,False
2026-07-10 10:42:25,backup,192.0.2.12,42258,60,1,19,False,0,,3,0.3,20,False
2026-07-10 10:44:47,backup,192.0.2.10,37024,60,0,16,False,0,,3,0.0,20,False
2026-07-10 11:25:33,backup,198.51.100.24,41710,60,0,31,False,0,,3,0.0,20,False
2026-07-10 11:46:24,backup,192.0.2.12,56590,60,0,20,False,0,,3,0.0,20,False
2026-07-10 11:55:16,backup,192.0.2.31,36551,60,0,12,False,0,,3,0.0,20,False
2026-07-10 12:00:21,backup,198.51.100.24,50941,60,0,32,False,0,,3,0.0,20,False
2026-07-10 12:02:31,backup,198.51.100.25,46166,60,0,25,False,0,,3,0.0,20,False
2026-07-10 12:03:42,backup,192.0.2.40,39706,60,1,16,False,0,,3,0.3,20,False
2026-07-10 12:08:19,backup,198.51.100.24,35227,60,0,33,False,0,,3,0.0,20,False
2026-07-10 12:28:42,backup,192.0.2.30,34859,60,0,18,False,1,/usr/bin/du -sh /var/log,3,0.0,20,False
2026-07-10 13:05:16,backup,192.0.2.40,53954,60,0,17,False,0,,3,0.0,20,False
2026-07-10 13:19:12,backup,192.0.2.40,41433,60,0,18,False,0,,3,0.0,20,False
2026-07-10 13:24:40,backup,198.51.100.25,56103,60,0,26,False,0,,3,0.0,20,False
2026-07-10 13:36:38,backup,192.0.2.12,40130,60,1,21,False,0,,3,0.3,20,False
2026-07-10 14:17:18,backup,198.51.100.23,34842,60,0,22,False,0,,3,0.0,20,False
2026-07-10 14:53:38,backup,192.0.2.31,44553,60,0,13,False,0,,3,0.0,20,False
2026-07-10 14:54:22,backup,198.51.100.25,37793,60,0,27,False,0,,3,0.0,20,False
2026-07-10 14:59:15,backup,192.0.2.21,60597,60,0,21,False,0,,3,0.0,20,False
2026-07-10 15:18:21,backup,192.0.2.12,32785,60,0,22,False,0,,3,0.0,20,False
2026-07-10 15:20:47,backup,192.0.2.10,48116,60,0,17,False,0,,3,0.0,20,False
2026-07-10 15:56:09,backup,192.0.2.21,55877,60,0,22,False,0,,3,0.0,20,False
2026-07-10 16:30:08,backup,198.51.100.24,50662,60,0,34,False,0,,3,0.0,20,False
2026-07-10 16:30:27,backup,192.0.2.30,61972,60,0,19,False,0,,3,0.0,20,False
2026-07-10 16:41:50,backup,192.0.2.12,49445,60,0,23,False,0,,3,0.0,20,False
2026-07-10 16:47:26,backup,198.51.100.26,53400,60,0,21,False,0,,3,0.0,20,False
2026-07-10 16:54:06,backup,192.0.2.31,38202,60,0,14,False,1,/usr/bin/systemctl restart apache2,3,0.0,20,False
2026-07-10 16:55:22,backup,192.0.2.40,57533,60,0,19,False,0,,3,0.0,20,False
2026-07-10 17:10:13,backup,198.51.100.26,63807,60,0,22,False,0,,3,0.0,20,False
2026-07-10 17:11:23,backup,198.51.100.25,60626,60,1,28,False,0,,3,0.3,20,False
2026-07-10 17:15:59,backup,198.51.100.23,42122,60,0,23,False,0,,3,0.0,20,False
2026-07-10 17:31:35,backup,192.0.2.31,30412,60,0,15,False,0,,3,0.0,20,False
2026-07-10 17:42:36,backup,192.0.2.30,53054,60,1,20,False,1,/usr/bin/systemctl restart apache2,3,0.3,20,False
2026-07-10 17:58:58,backup,192.0.2.30,60322,60,0,21,False,0,,3,0.0,20,False
2026-07-10 18:10:25,backup,192.0.2.11,57022,60,0,20,False,0,,3,0.0,20,False
2026-07-10 18:19:50,backup,192.0.2.21,35238,60,0,23,False,0,,3,0.0,20,False
2026-07-10 19:54:32,backup,192.0.2.31,56688,60,0,16,False,0,,3,0.0,20,False
2026-07-10 21:36:25,backup,192.0.2.11,61069,60,0,21,False,0,,3,0.0,20,False
2026-07-10 23:59:29,backup,192.0.2.30,41928,60,0,22,False,0,,3,0.0,20,False
2026-07-11 03:08:19,backup,203.0.113.89,59595,60,87,0,True,2,/usr/bin/journalctl -n 200;/usr/bin/systemctl status cron,3,29.0,20,True
2026-07-11 07:46:27,backup,198.51.100.23,57139,60,0,24,False,0,,3,0.0,20,False
2026-07-11 08:05:14,backup,192.0.2.12,30512,60,0,24,False,0,,3,0.0,20,False
2026-07-11 08:13:22,backup,192.0.2.10,46091,60,0,18,False,0,,3,0.0,20,False
2026-07-11 08:19:20,backup,192.0.2.30,57875,60,0,23,False,1,/usr/bin/journalctl -n 50,3,0.0,20,False
2026-07-11 08:31:49,backup,192.0.2.12,31417,60,0,25,False,0,,3,0.0,20,False
2026-07-11 08:45:14,backup,198.51.100.23,59599,60,0,25,False,0,,3,0.0,20,False
2026-07-11 08:54:29,backup,192.0.2.21,36171,60,1,24,False,0,,3,0.3,20,False
2026-07-11 09:18:51,backup,198.51.100.24,64687,60,0,35,False,0,,3,0.0,20,False
2026-07-11 09:19:09,backup,192.0.2.12,41041,60,0,26,False,0,,3,0.0,20,False
2026-07-11 09:23:39,backup,192.0.2.31,58395,60,0,17,False,0,,3,0.0,20,False
2026-07-11 09:23:48,backup,192.0.2.12,30506,60,0,27,False,0,,3,0.0,20,False
2026-07-11 09:30:23,backup,198.51.100.26,50121,60,0,23,False,0,,3,0.0,20,False
2026-07-11 09:38:27,backup,192.0.2.11,61520,60,0,22,False,0,,3,0.0,20,False
2026-07-11 09:41:11,backup,198.51.100.23,57540,60,0,26,False,0,,3,0.0,20,False
2026-07-11 09:43:14,backup,192.0.2.21,44640,60,0,25,False,0,,3,0.0,20,False
2026-07-11 09:48:55,backup,192.0.2.21,51403,60,0,26,False,0,,3,0.0,20,False
2026-07-11 10:01:51,backup,192.0.2.21,38690,60,0,27,False,1,/usr/bin/du -sh /var/log,3,0.0,20,False
2026-07-11 10:08:28,backup,192.0.2.12,39539,60,0,28,False,0,,3,0.0,20,False
2026-07-11 10:10:25,backup,198.51.100.23,46613,60,0,27,False,0,,3,0.0,20,False
2026-07-11 10:13:48,backup,192.0.2.20,31771,60,0,20,False,1,/usr/bin/du -sh /var/log,3,0.0,20,False
2026-07-11 10:43:28,backup,192.0.2.31,43607,60,0,18,False,0,,3,0.0,20,False
2026-07-11 10:58:40,backup,192.0.2.21,39710,60,0,28,False,0,,3,0.0,20,False
2026-07-11 11:05:25,backup,192.0.2.12,58472,60,0,29,False,0,,3,0.0,20,False
2026-07-11 11:21:00,backup,192.0.2.11,40830,60,0,23,False,0,,3,0.0,20,False
2026-07-11 11:21:55,backup,198.51.100.25,48722,60,0,29,False,0,,3,0.0,20,False
2026-07-11 11:48:07,backup,198.51.100.26,53807,60,0,24,False,0,,3,0.0,20,False
2026-07-11 12:49:02,backup,198.51.100.23,43223,60,0,28,False,0,,3,0.0,20,False
2026-07-11 13:02:33,backup,192.0.2.10,59827,60,0,19,False,1,/usr/bin/journalctl -n 50,3,0.0,20,False
2026-07-11 13:09:11,backup,192.0.2.30,36532,60,0,24,False,0,,3,0.0,20,False
2026-07-11 13:14:57,backup,192.0.2.20,48607,60,0,21,False,1,/usr/bin/systemctl restart apache2,3,0.0,20,False
2026-07-11 13:33:24,backup,192.0.2.11,36896,60,0,24,False,0,,3,0.0,20,False
2026-07-11 13:38:34,backup,192.0.2.40,63300,60,0,20,False,0,,3,0.0,20,False
2026-07-11 13:53:42,backup,198.51.100.24,53499,60,0,36,False,0,,3,0.0,20,False
2026-07-11 14:02:06,backup,192.0.2.11,63916,60,0,25,False,1,/usr/bin/systemctl status ssh,3,0.0,20,False
2026-07-11 14:41:33,backup,198.51.100.24,38442,60,0,37,False,0,,3,0.0,20,False
2026-07-11 14:43:42,backup,192.0.2.11,30174,60,1,26,False,0,,3,0.3,20,False
2026-07-11 15:22:25,backup,198.51.100.24,51076,60,0,38,False,1,/usr/bin/du -sh /var/log,3,0.0,20,False
2026-07-11 15:41:02,backup,192.0.2.10,32215,60,1,20,False,0,,3,0.3,20,False
2026-07-11 15:45:48,backup,192.0.2.31,43441,60,0,19,False,0,,3,0.0,20,False
2026-07-11 15:51:52,backup,192.0.2.20,61386,60,0,22,False,0,,3,0.0,20,False
2026-07-11 16:02:34,backup,192.0.2.10,59667,60,0,21,False,0,,3,0.0,20,False
2026-07-11 16:03:05,backup,192.0.2.10,54139,60,0,22,False,0,,3,0.0,20,False
2026-07-11 16:33:54,backup,192.0.2.12,32435,60,0,30,False,1,/usr/bin/du -sh /var/log,3,0.0,20,False
2026-07-11 16:44:53,backup,192.0.2.11,58076,60,0,27,False,0,,3,0.0,20,False
2026-07-11 16:50:24,backup,198.51.100.26,39019,60,0,25,False,0,,3,0.0,20,False
2026-07-11 16:52:39,backup,192.0.2.30,55864,60,0,25,False,1,/usr/bin/systemctl status ssh,3,0.0,20,False
2026-07-11 17:03:18,backup,192.0.2.40,46344,60,0,21,False,1,/usr/bin/apt update,3,0.0,20,False
2026-07-11 17:07:29,backup,192.0.2.40,39968,60,0,22,False,0,,3,0.0,20,False
2026-07-11 17:10:06,backup,198.51.100.24,36614,60,0,39,False,0,,3,0.0,20,False
2026-07-11 17:48:40,backup,192.0.2.12,32848,60,0,31,False,0,,3,0.0,20,False
2026-07-11 17:50:48,backup,198.51.100.25,56193,60,0,30,False,0,,3,0.0,20,False
2026-07-11 17:52:18,backup,192.0.2.40,48066,60,1,23,False,1,/usr/bin/systemctl status ssh,3,0.3,20,False
2026-07-11 18:01:57,backup,198.51.100.24,39894,60,0,40,False,0,,3,0.0,20,False
2026-07-11 18:07:25,backup,192.0.2.11,34675,60,0,28,False,0,,3,0.0,20,False
2026-07-11 18:08:38,backup,192.0.2.12,55944,60,0,32,False,0,,3,0.0,20,False
2026-07-11 18:22:01,backup,192.0.2.40,44911,60,2,24,False,1,/usr/bin/systemctl status ssh,3,0.7,20,False
2026-07-11 18:32:22,backup,198.51.100.25,58122,60,0,31,False,0,,3,0.0,20,False
2026-07-11 19:00:56,backup,198.51.100.26,58094,60,0,26,False,0,,3,0.0,20,False
2026-07-11 21:13:20,backup,192.0.2.20,46873,60,1,23,False,0,,3,0.3,20,False
2026-07-11 21:22:36,backup,192.0.2.30,63666,60,0,26,False,0,,3,0.0,20,False
2026-07-11 21:46:48,backup,192.0.2.10,31045,60,0,23,False,0,,3,0.0,20,False
2026-07-11 22:14:43,backup,198.51.100.25,48133,60,0,32,False,0,,3,0.0,20,False
2026-07-12 00:58:01,backup,198.51.100.23,63762,60,0,29,True,1,/usr/bin/systemctl restart apache2,3,0.0,20,False
2026-07-12 01:04:48,backup,192.0.2.11,36297,60,0,29,True,1,/usr/bin/systemctl restart apache2,3,0.0,20,False
2026-07-12 02:23:28,backup,192.0.2.30,56282,60,0,27,True,0,,3,0.0,20,False
2026-07-12 05:23:32,backup,198.51.100.25,60563,60,0,33,True,0,,3,0.0,20,False
2026-07-12 08:09:43,backup,198.51.100.23,31055,60,0,30,False,0,,3,0.0,20,False
2026-07-12 08:13:23,backup,198.51.100.26,34753,60,1,27,False,0,,3,0.3,20,False
2026-07-12 08:18:30,backup,192.0.2.12,36497,60,0,33,False,0,,3,0.0,20,False
2026-07-12 08:30:25,backup,198.51.100.23,43932,60,0,31,False,0,,3,0.0,20,False
2026-07-12 08:33:03,backup,192.0.2.21,57967,60,0,29,False,0,,3,0.0,20,False
2026-07-12 08:39:13,backup,198.51.100.24,47467,60,2,41,False,0,,3,0.7,20,False
2026-07-12 09:03:42,backup,192.0.2.30,53076,60,0,28,False,0,,3,0.0,20,False
2026-07-12 09:51:29,backup,192.0.2.40,41959,60,0,25,False,0,,3,0.0,20,False
2026-07-12 10:54:20,backup,192.0.2.31,33339,60,0,20,False,0,,3,0.0,20,False
2026-07-12 11:17:42,backup,198.51.100.24,49892,60,0,42,False,0,,3,0.0,20,False
2026-07-12 11:29:17,backup,192.0.2.12,34434,60,0,34,False,0,,3,0.0,20,False
2026-07-12 12:05:52,backup,198.51.100.24,52413,60,0,43,False,0,,3,0.0,20,False
2026-07-12 12:08:47,backup,198.51.100.26,50479,60,0,28,False,0,,3,0.0,20,False
2026-07-12 12:18:09,backup,198.51.100.26,31429,60,0,29,False,0,,3,0.0,20,False
2026-07-12 12:23:32,backup,192.0.2.31,35695,60,1,21,False,0,,3,0.3,20,False
2026-07-12 12:34:10,backup,192.0.2.40,39246,60,0,26,False,0,,3,0.0,20,False
2026-07-12 12:34:37,backup,192.0.2.21,57638,60,0,30,False,0,,3,0.0,20,False
2026-07-12 12:39:41,backup,192.0.2.30,58392,60,0,29,False,0,,3,0.0,20,False
2026-07-12 12:48:55,backup,192.0.2.31,42838,60,1,22,False,0,,3,0.3,20,False
2026-07-12 12:58:26,backup,192.0.2.31,36293,60,1,23,False,0,,3,0.3,20,False
2026-07-12 13:30:57,backup,192.0.2.31,31420,60,0,24,False,0,,3,0.0,20,False
2026-07-12 13:57:30,backup,192.0.2.30,40605,60,0,30,False,0,,3,0.0,20,False
2026-07-12 14:40:26,backup,192.0.2.11,50275,60,0,30,False,0,,3,0.0,20,False
2026-07-12 14:50:53,backup,198.51.100.24,42891,60,0,44,False,0,,3,0.0,20,False
2026-07-12 15:11:29,backup,192.0.2.21,44323,60,1,31,False,0,,3,0.3,20,False
2026-07-12 15:37:18,backup,192.0.2.30,37366,60,0,31,False,0,,3,0.0,20,False
2026-07-12 15:43:25,backup,192.0.2.30,37218,60,0,32,False,0,,3,0.0,20,False
2026-07-12 15:46:29,backup,192.0.2.21,35826,60,0,32,False,0,,3,0.0,20,False
2026-07-12 15:54:28,backup,198.51.100.23,33449,60,0,32,False,0,,3,0.0,20,False
2026-07-12 16:06:17,backup,192.0.2.12,63011,60,0,35,False,0,,3,0.0,20,False
2026-07-12 16:50:28,backup,198.51.100.26,46786,60,0,30,False,0,,3,0.0,20,False
2026-07-12 17:31:53,backup,198.51.100.23,42444,60,0,33,False,0,,3,0.0,20,False
2026-07-12 18:01:13,backup,192.0.2.11,46999,60,0,31,False,1,/usr/bin/systemctl restart apache2,3,0.0,20,False
2026-07-12 18:01:36,backup,192.0.2.40,64232,60,0,27,False,0,,3,0.0,20,False
2026-07-12 18:06:49,backup,198.51.100.25,59230,60,1,34,False,0,,3,0.3,20,False
2026-07-12 18:08:14,backup,198.51.100.24,61087,60,0,45,False,0,,3,0.0,20,False
2026-07-12 18:10:09,backup,198.51.100.25,48961,60,1,35,False,1,/usr/bin/du -sh /var/log,3,0.3,20,False
2026-07-12 18:15:12,backup,192.0.2.11,49075,60,1,32,False,0,,3,0.3,20,False
2026-07-12 19:32:34,backup,192.0.2.30,46417,60,0,33,False,0,,3,0.0,20,False
2026-07-12 20:07:17,backup,192.0.2.30,45231,60,0,34,False,0,,3,0.0,20,False
2026-07-12 20:12:12,backup,192.0.2.10,51060,60,0,24,False,1,/usr/bin/apt update,3,0.0,20,False
2026-07-12 21:15:44,backup,198.51.100.24,33371,60,0,46,False,0,,3,0.0,20,False
2026-07-12 22:03:36,backup,192.0.2.21,37313,60,0,33,False,1,/usr/bin/apt update,3,0.0,20,False
2026-07-12 23:35:42,backup,192.0.2.20,44091,60,0,24,False,0,,3,0.0,20,False
